Cursus;Rank;Page;PageRank_Score;In_Degree
Réseaux et Télécommunications;1;practice_jpa;0.0342;106
Réseaux et Télécommunications;2;lecture_conceptual_modeling;0.031;122
Réseaux et Télécommunications;3;lecture_mvc_spring;0.0297;97
Réseaux et Télécommunications;4;activity_conceptual_modeling;0.0295;113
Réseaux et Télécommunications;5;lecture_normalization;0.0293;113
Réseaux et Télécommunications;6;activity_normalization;0.029;102
Réseaux et Télécommunications;7;lecture_jpa;0.0286;86
Réseaux et Télécommunications;8;practice_transaction;0.0261;74
Réseaux et Télécommunications;9;lecture_modeling_normalization;0.0259;91
Réseaux et Télécommunications;10;practice_sql;0.0259;83
Réseaux et Télécommunications;11;lecture_software_architecture;0.0251;80
Réseaux et Télécommunications;12;activity_sql;0.0245;72
Réseaux et Télécommunications;13;practice_spring_2tiers;0.0244;73
Réseaux et Télécommunications;14;practice_spring;0.0239;117
Réseaux et Télécommunications;15;activity_relational_model;0.0237;94
Réseaux et Télécommunications;16;lecture_transaction;0.0237;63
Réseaux et Télécommunications;17;lecture_json;0.0218;40
Réseaux et Télécommunications;18;lecture_relational_model;0.0217;66
Réseaux et Télécommunications;19;practice_docker;0.0213;142
Réseaux et Télécommunications;20;practice_xml;0.0211;59
Réseaux et Télécommunications;21;practice_json;0.0211;56
Réseaux et Télécommunications;22;activity_decomposition;0.021;68
Réseaux et Télécommunications;23;lecture_xml;0.0209;65
Réseaux et Télécommunications;24;practice_postgresql;0.0207;98
Réseaux et Télécommunications;25;lecture_db_integrity;0.0206;89
Réseaux et Télécommunications;26;lecture_technical_architecture;0.0188;56
Réseaux et Télécommunications;27;practice_jpa_advanced;0.0184;52
Réseaux et Télécommunications;28;documentation_programming;0.0182;88
Réseaux et Télécommunications;29;lecture_dto;0.0167;48
Réseaux et Télécommunications;30;documentation_rdbms;0.0151;70
Réseaux et Télécommunications;31;activity_conceptual_modeling_correction;0.0137;45
Réseaux et Télécommunications;32;documentation_docker;0.013;57
Réseaux et Télécommunications;33;activity_normalization_correction;0.0125;43
Réseaux et Télécommunications;34;lecture_validity;0.0121;32
Réseaux et Télécommunications;35;inversion_of_control;0.0114;52
Réseaux et Télécommunications;36;practice_docker_advanced;0.0111;60
Réseaux et Télécommunications;37;practice_transaction_correction;0.0109;26
Réseaux et Télécommunications;38;practice_sql_correction;0.0105;33
Réseaux et Télécommunications;39;activity_decomposition_correction;0.0101;29
Réseaux et Télécommunications;40;practice_spring_2tiers_ext;0.0095;29
Réseaux et Télécommunications;41;lecture_relational_algebra;0.0094;31
Réseaux et Télécommunications;42;activity_relational_model_correction;0.0092;26
Réseaux et Télécommunications;43;activity_sql_correction;0.009;27
Réseaux et Télécommunications;44;practice_advanced_sql;0.0087;21
Réseaux et Télécommunications;45;lecture_jaxb;0.0087;16
Réseaux et Télécommunications;46;activity_conceptual_modeling_advanced;0.0083;24
Réseaux et Télécommunications;47;spring_bean;0.0077;32
Réseaux et Télécommunications;48;documentation_si;0.0077;32
Réseaux et Télécommunications;49;lecture_parser;0.0076;14
Réseaux et Télécommunications;50;lecture_independence_views;0.0075;22
Réseaux et Télécommunications;51;practice_independence_views;0.0073;15
Réseaux et Télécommunications;52;probleme_glassfish_certificats_expires;0.0071;1
Réseaux et Télécommunications;53;practice_apis;0.0061;5
Réseaux et Télécommunications;54;lecture_isolation;0.006;13
Réseaux et Télécommunications;55;bd_memento_jpa;0.0058;1
Réseaux et Télécommunications;56;practice_xpath;0.0057;5
Réseaux et Télécommunications;57;activity_conceptual_modeling_advanced_correction;0.0056;12
Réseaux et Télécommunications;58;lecture_xpath;0.0053;11
Réseaux et Télécommunications;59;practice_schema_xml;0.005;8
Réseaux et Télécommunications;60;bd_cours_mor_generalites;0.0049;3
Réseaux et Télécommunications;61;lecture_sql;0.0049;6
Réseaux et Télécommunications;62;bd_cours_mor_jpa;0.0043;1
Réseaux et Télécommunications;63;practice_isolation;0.0042;5
Réseaux et Télécommunications;64;practice_advanced_sql_correction;0.0037;5
Réseaux et Télécommunications;65;licence;0.0031;3
Réseaux et Télécommunications;66;pres;0.0027;3
Réseaux et Télécommunications;67;lecture_relation_model;0.0026;2
Réseaux et Télécommunications;68;practice_independence_views_correction;0.0026;1
Réseaux et Télécommunications;69;lecture_db_tools;0.0026;2
Mesures Physiques;1;practice_spring_2tiers;0.0448;10
Mesures Physiques;2;activity_normalization;0.039;7
Mesures Physiques;3;practice_docker;0.0339;6
Mesures Physiques;4;practice_jpa;0.0335;10
Mesures Physiques;5;lecture_mvc_spring;0.0332;10
Mesures Physiques;6;lecture_normalization;0.0308;7
Mesures Physiques;7;activity_sql;0.0302;6
Mesures Physiques;8;practice_spring;0.0296;8
Mesures Physiques;9;lecture_jpa;0.0272;7
Mesures Physiques;10;lecture_conceptual_modeling;0.0256;8
Mesures Physiques;11;activity_conceptual_modeling;0.0255;6
Mesures Physiques;12;practice_postgresql;0.0248;6
Mesures Physiques;13;practice_json;0.0244;4
Mesures Physiques;14;activity_relational_model;0.0235;5
Mesures Physiques;15;practice_transaction;0.0232;4
Mesures Physiques;16;activity_conceptual_modeling_advanced;0.0231;6
Mesures Physiques;17;activity_sql_correction;0.0224;6
Mesures Physiques;18;practice_xml;0.0219;3
Mesures Physiques;19;activity_normalization_correction;0.0219;4
Mesures Physiques;20;lecture_xml;0.0216;4
Mesures Physiques;21;practice_sql_correction;0.02;4
Mesures Physiques;22;inversion_of_control;0.02;5
Mesures Physiques;23;spring_bean;0.0198;4
Mesures Physiques;24;practice_sql;0.0196;4
Mesures Physiques;25;lecture_json;0.019;4
Mesures Physiques;26;lecture_validity;0.0183;2
Mesures Physiques;27;documentation_rdbms;0.018;4
Mesures Physiques;28;lecture_db_integrity;0.018;6
Mesures Physiques;29;documentation_docker;0.0177;5
Mesures Physiques;30;lecture_technical_architecture;0.0171;3
Mesures Physiques;31;lecture_software_architecture;0.0169;4
Mesures Physiques;32;lecture_transaction;0.0166;3
Mesures Physiques;33;lecture_modeling_normalization;0.0159;5
Mesures Physiques;34;documentation_programming;0.0156;3
Mesures Physiques;35;activity_conceptual_modeling_correction;0.0132;4
Mesures Physiques;36;activity_relational_model_correction;0.0131;3
Mesures Physiques;37;activity_decomposition;0.0129;2
Mesures Physiques;38;activity_decomposition_correction;0.0127;2
Mesures Physiques;39;practice_jpa_advanced;0.0123;2
Mesures Physiques;40;practice_docker_advanced;0.0119;2
Mesures Physiques;41;activity_conceptual_modeling_advanced_correction;0.0116;2
Mesures Physiques;42;practice_independence_views;0.0114;2
Mesures Physiques;43;lecture_relational_model;0.0106;1
Mesures Physiques;44;documentation_si;0.0105;3
Mesures Physiques;45;practice_advanced_sql;0.0095;2
Mesures Physiques;46;lecture_sql;0.0089;1
Mesures Physiques;47;lecture_dto;0.0089;2
Mesures Physiques;48;lecture_isolation;0.0078;2
Mesures Physiques;49;lecture_independence_views;0.0078;1
Mesures Physiques;50;lecture_relation_model;0.0072;1
Mesures Physiques;51;lecture_relational_algebra;0.006;1
Mesures Physiques;52;practice_transaction_correction;0.0057;1
Mesures Physiques;53;practice_spring_2tiers_ext;0.0055;1
CPGE;1;practice_jpa;0.0492;37
CPGE;2;activity_sql;0.0362;23
CPGE;3;lecture_normalization;0.0345;34
CPGE;4;lecture_jpa;0.0345;26
CPGE;5;lecture_conceptual_modeling;0.0336;40
CPGE;6;practice_sql;0.0317;24
CPGE;7;lecture_modeling_normalization;0.0292;31
CPGE;8;activity_conceptual_modeling;0.0288;27
CPGE;9;activity_normalization;0.028;25
CPGE;10;documentation_rdbms;0.0274;25
CPGE;11;lecture_mvc_spring;0.0268;24
CPGE;12;lecture_technical_architecture;0.0263;19
CPGE;13;practice_spring;0.0262;24
CPGE;14;practice_postgresql;0.0258;25
CPGE;15;practice_spring_2tiers;0.0254;20
CPGE;16;practice_docker;0.0238;34
CPGE;17;lecture_transaction;0.0238;16
CPGE;18;practice_xml;0.0237;16
CPGE;19;activity_relational_model;0.0235;27
CPGE;20;practice_transaction;0.0218;23
CPGE;21;lecture_software_architecture;0.0215;22
CPGE;22;lecture_dto;0.021;19
CPGE;23;documentation_programming;0.0193;19
CPGE;24;lecture_xml;0.0191;14
CPGE;25;activity_normalization_correction;0.0189;16
CPGE;26;practice_docker_advanced;0.0183;21
CPGE;27;documentation_docker;0.0179;15
CPGE;28;lecture_json;0.0177;12
CPGE;29;lecture_relational_model;0.0163;14
CPGE;30;lecture_validity;0.0157;7
CPGE;31;lecture_db_integrity;0.0154;21
CPGE;32;activity_conceptual_modeling_correction;0.0143;14
CPGE;33;activity_decomposition;0.0136;10
CPGE;34;practice_sql_correction;0.0136;9
CPGE;35;activity_sql_correction;0.0128;9
CPGE;36;practice_json;0.0126;8
CPGE;37;practice_jpa_advanced;0.0116;8
CPGE;38;spring_bean;0.0108;7
CPGE;39;lecture_relational_algebra;0.0102;12
CPGE;40;inversion_of_control;0.01;9
CPGE;41;practice_spring_2tiers_ext;0.0095;6
CPGE;42;practice_transaction_correction;0.0085;5
CPGE;43;lecture_jaxb;0.008;1
CPGE;44;practice_independence_views;0.0078;4
CPGE;45;activity_conceptual_modeling_advanced;0.0078;5
CPGE;46;practice_isolation;0.0069;1
CPGE;47;practice_advanced_sql;0.0067;3
CPGE;48;activity_decomposition_correction;0.0067;3
CPGE;49;activity_relational_model_correction;0.0063;4
CPGE;50;practice_xpath;0.0063;1
CPGE;51;lecture_independence_views;0.0055;3
CPGE;52;bd_tp_isolation;0.005;1
CPGE;53;activity_conceptual_modeling_advanced_correction;0.0049;2
CPGE;54;pres;0.0047;2
CPGE;55;practice_apis;0.0042;1
CPGE;56;licence;0.0041;2
CPGE;57;lecture_db_tools;0.0038;2
CPGE;58;bd_cours_isolation;0.0027;0
Informatique;1;practice_sql;0.0391;17
Informatique;2;lecture_conceptual_modeling;0.0369;23
Informatique;3;lecture_normalization;0.0356;23
Informatique;4;lecture_xml;0.0338;12
Informatique;5;activity_sql;0.032;15
Informatique;6;lecture_transaction;0.031;13
Informatique;7;practice_json;0.0299;10
Informatique;8;lecture_jpa;0.0274;14
Informatique;9;lecture_modeling_normalization;0.0261;16
Informatique;10;lecture_mvc_spring;0.0261;17
Informatique;11;practice_xml;0.0254;8
Informatique;12;lecture_json;0.025;8
Informatique;13;activity_normalization;0.0249;14
Informatique;14;activity_conceptual_modeling;0.0247;16
Informatique;15;lecture_software_architecture;0.0242;14
Informatique;16;lecture_technical_architecture;0.0242;9
Informatique;17;practice_transaction;0.0234;8
Informatique;18;practice_jpa;0.0231;12
Informatique;19;practice_postgresql;0.0228;18
Informatique;20;activity_relational_model;0.0223;16
Informatique;21;documentation_programming;0.0219;15
Informatique;22;practice_spring;0.0217;14
Informatique;23;activity_decomposition;0.0199;10
Informatique;24;lecture_dto;0.0192;12
Informatique;25;documentation_rdbms;0.0188;11
Informatique;26;practice_spring_2tiers;0.0185;11
Informatique;27;practice_advanced_sql;0.0181;7
Informatique;28;activity_normalization_correction;0.0179;10
Informatique;29;lecture_db_integrity;0.0176;14
Informatique;30;lecture_relational_model;0.017;10
Informatique;31;activity_conceptual_modeling_correction;0.0154;10
Informatique;32;practice_docker;0.0153;15
Informatique;33;practice_sql_correction;0.0152;6
Informatique;34;spring_bean;0.0147;8
Informatique;35;inversion_of_control;0.0146;9
Informatique;36;practice_transaction_correction;0.0138;6
Informatique;37;documentation_docker;0.0129;6
Informatique;38;activity_sql_correction;0.0125;6
Informatique;39;practice_jpa_advanced;0.0122;6
Informatique;40;lecture_relational_algebra;0.0106;7
Informatique;41;practice_docker_advanced;0.0102;9
Informatique;42;activity_decomposition_correction;0.0097;5
Informatique;43;bd_cours_partie1_bigdata;0.0087;2
Informatique;44;lecture_xpath;0.0077;1
Informatique;45;practice_schema_xml;0.0077;1
Informatique;46;practice_independence_views;0.007;2
Informatique;47;lecture_validity;0.007;1
Informatique;48;lecture_independence_views;0.0064;3
Informatique;49;practice_advanced_sql_correction;0.0064;2
Informatique;50;activity_relational_model_correction;0.0061;2
Informatique;51;activity_conceptual_modeling_advanced;0.0058;2
Informatique;52;lecture_db_tools;0.0056;2
Informatique;53;lecture_isolation;0.0049;1
Informatique;54;practice_spring_2tiers_ext;0.0043;1
Informatique;55;activity_conceptual_modeling_advanced_correction;0.0043;1
Informatique;56;licence;0.0038;1
Informatique;57;lecture_jaxb;0.0035;1
Informatique;58;pres;0.0027;0
Informatique;59;practice_isolation;0.0027;0
Génie Électrique et Informatique Industrielle;1;activity_sql;0.0352;22
Génie Électrique et Informatique Industrielle;2;lecture_conceptual_modeling;0.0335;37
Génie Électrique et Informatique Industrielle;3;lecture_transaction;0.0328;25
Génie Électrique et Informatique Industrielle;4;lecture_normalization;0.0327;31
Génie Électrique et Informatique Industrielle;5;practice_postgresql;0.0298;30
Génie Électrique et Informatique Industrielle;6;lecture_technical_architecture;0.0295;21
Génie Électrique et Informatique Industrielle;7;practice_jpa;0.0284;29
Génie Électrique et Informatique Industrielle;8;practice_docker;0.0279;39
Génie Électrique et Informatique Industrielle;9;practice_spring_2tiers;0.0275;18
Génie Électrique et Informatique Industrielle;10;practice_spring;0.0273;27
Génie Électrique et Informatique Industrielle;11;documentation_programming;0.0272;24
Génie Électrique et Informatique Industrielle;12;practice_transaction;0.0263;22
Génie Électrique et Informatique Industrielle;13;lecture_mvc_spring;0.0262;24
Génie Électrique et Informatique Industrielle;14;activity_conceptual_modeling;0.0257;26
Génie Électrique et Informatique Industrielle;15;lecture_software_architecture;0.0255;23
Génie Électrique et Informatique Industrielle;16;practice_sql;0.0252;22
Génie Électrique et Informatique Industrielle;17;activity_normalization;0.0239;21
Génie Électrique et Informatique Industrielle;18;activity_decomposition;0.0237;16
Génie Électrique et Informatique Industrielle;19;lecture_modeling_normalization;0.0226;24
Génie Électrique et Informatique Industrielle;20;documentation_rdbms;0.022;16
Génie Électrique et Informatique Industrielle;21;lecture_relational_model;0.0215;16
Génie Électrique et Informatique Industrielle;22;activity_relational_model;0.0214;25
Génie Électrique et Informatique Industrielle;23;lecture_jpa;0.0205;21
Génie Électrique et Informatique Industrielle;24;activity_sql_correction;0.02;17
Génie Électrique et Informatique Industrielle;25;lecture_dto;0.0199;16
Génie Électrique et Informatique Industrielle;26;practice_xml;0.0196;10
Génie Électrique et Informatique Industrielle;27;lecture_db_integrity;0.0195;26
Génie Électrique et Informatique Industrielle;28;documentation_docker;0.0187;17
Génie Électrique et Informatique Industrielle;29;practice_sql_correction;0.0168;14
Génie Électrique et Informatique Industrielle;30;lecture_json;0.0158;7
Génie Électrique et Informatique Industrielle;31;practice_json;0.0151;6
Génie Électrique et Informatique Industrielle;32;inversion_of_control;0.0142;12
Génie Électrique et Informatique Industrielle;33;activity_relational_model_correction;0.0134;13
Génie Électrique et Informatique Industrielle;34;practice_docker_advanced;0.013;10
Génie Électrique et Informatique Industrielle;35;activity_conceptual_modeling_correction;0.0123;13
Génie Électrique et Informatique Industrielle;36;practice_jpa_advanced;0.0121;9
Génie Électrique et Informatique Industrielle;37;lecture_xml;0.0115;7
Génie Électrique et Informatique Industrielle;38;lecture_validity;0.0114;4
Génie Électrique et Informatique Industrielle;39;activity_decomposition_correction;0.0112;7
Génie Électrique et Informatique Industrielle;40;activity_normalization_correction;0.0108;8
Génie Électrique et Informatique Industrielle;41;spring_bean;0.0103;6
Génie Électrique et Informatique Industrielle;42;practice_spring_2tiers_ext;0.0093;5
Génie Électrique et Informatique Industrielle;43;practice_transaction_correction;0.0091;6
Génie Électrique et Informatique Industrielle;44;practice_advanced_sql;0.0084;4
Génie Électrique et Informatique Industrielle;45;practice_independence_views;0.0075;5
Génie Électrique et Informatique Industrielle;46;lecture_xpath;0.0071;2
Génie Électrique et Informatique Industrielle;47;lecture_relational_algebra;0.0063;6
Génie Électrique et Informatique Industrielle;48;lecture_independence_views;0.0062;3
Génie Électrique et Informatique Industrielle;49;lecture_jaxb;0.0061;2
Génie Électrique et Informatique Industrielle;50;lecture_isolation;0.0058;3
Génie Électrique et Informatique Industrielle;51;activity_conceptual_modeling_advanced;0.0055;4
Génie Électrique et Informatique Industrielle;52;documentation_si;0.0053;3
Génie Électrique et Informatique Industrielle;53;lecture_parser;0.0052;1
Génie Électrique et Informatique Industrielle;54;activity_conceptual_modeling_advanced_correction;0.0048;1
Génie Électrique et Informatique Industrielle;55;practice_independence_views_correction;0.0046;1
Génie Électrique et Informatique Industrielle;56;practice_advanced_sql_correction;0.0042;1
Génie Électrique et Informatique Industrielle;57;practice_isolation;0.0041;1
Génie Électrique et Informatique Industrielle;58;lecture_sql;0.0034;1
Génie Électrique et Informatique Industrielle;59;practice_xpath;0.0034;1
Génie Électrique et Informatique Industrielle;60;lecture_relation_model;0.0033;1
Génie Électrique et Informatique Industrielle;61;pres;0.0031;1
Génie Électrique et Informatique Industrielle;62;licence;0.003;1
Génie Électrique et Informatique Industrielle;63;lecture_db_tools;0.0024;0
