Student_ID;Note_TP;Cursus_Origine;Dist_KL_CPGE/ATS;Dist_KL_GEII;Dist_KL_Informatique;Dist_KL_MP;Dist_KL_RT
2445;9.91;Réseaux & Télécommunications;0.0163;0.0161;0.0148;0.0366;0.0151
2444;12.64;GEII;0.0119;0.0097;0.0097;0.0108;0.0102
2446;10.56;GEII;0.0129;0.0115;0.0084;0.0331;0.0104
2447;12.7;Réseaux & Télécommunications;0.0729;0.0659;0.0523;0.1127;0.063
2443;12.74;Réseaux & Télécommunications;0.0084;0.006;0.0025;0.0248;0.0052
2442;13.472;GEII;0.0066;0.0074;0.0086;0.0199;0.007
2440;10.96;Réseaux & Télécommunications;0.0091;0.0086;0.0073;0.0263;0.0078
2441;8.72;Réseaux & Télécommunications;0.0174;0.0199;0.0286;0.004;0.0215
2432;8.42;GEII;0.0814;0.0769;0.0782;0.0601;0.0788
2426;10.29;Réseaux & Télécommunications;0.0271;0.025;0.0274;0.016;0.0263
2427;12.84;Réseaux & Télécommunications;0.0084;0.0087;0.0089;0.0238;0.0081
2433;7.39;Réseaux & Télécommunications;0.0492;0.0555;0.0709;0.0264;0.058
2419;8.42;Réseaux & Télécommunications;0.0068;0.0072;0.0077;0.021;0.0066
2425;15.81;Réseaux & Télécommunications;0.0128;0.0166;0.0259;0.0039;0.018
2431;10.09;Mesures Physiques;0.0329;0.0308;0.0337;0.0194;0.0322
241;16.63;Réseaux & Télécommunications;0.0096;0.0094;0.0131;0.0032;0.0104
2430;13.61;Réseaux & Télécommunications;0.057;0.0522;0.0514;0.0445;0.0534
2418;18.36;CPGE/ATS;0.0066;0.0049;0.0056;0.0068;0.0053
2420;14.77;Informatique;0.0241;0.0254;0.0329;0.0079;0.0272
2434;8.07;Réseaux & Télécommunications;0.007;0.0048;0.0044;0.0094;0.005
245;10.5;Réseaux & Télécommunications;0.0043;0.0022;0.0006;0.0125;0.002
2435;9.87;Réseaux & Télécommunications;0.0256;0.0198;0.0125;0.0405;0.019
2421;14.25;Réseaux & Télécommunications;0.0086;0.0089;0.0136;0.0016;0.01
2437;7.93;Réseaux & Télécommunications;0.0158;0.0195;0.0249;0.0258;0.0194
2423;10.56;Réseaux & Télécommunications;0.0338;0.0284;0.0189;0.0616;0.0266
247;10.21;Réseaux & Télécommunications;0.0218;0.0235;0.0314;0.0063;0.0253
246;17.99;Réseaux & Télécommunications;0.0003;0.0005;0.003;0.0032;0.0008
2422;9.3;Réseaux & Télécommunications;0.0095;0.0065;0.0036;0.0173;0.0063
2436;11.8;Réseaux & Télécommunications;0.1222;0.1148;0.0979;0.1731;0.1111
2413;8.506;Mesures Physiques;0.0585;0.0609;0.0727;0.0297;0.0637
2412;7.55;Réseaux & Télécommunications;0.0112;0.0131;0.02;0.0014;0.0145
2438;17.43;Réseaux & Télécommunications;0.0131;0.0113;0.0078;0.0335;0.0102
2410;16.56;Réseaux & Télécommunications;0.0054;0.0044;0.0062;0.0042;0.0049
249;15.25;CPGE/ATS;0.0597;0.0581;0.0519;0.0944;0.0559
2411;9.55;Mesures Physiques;0.0434;0.0422;0.037;0.0742;0.0403
2439;5.688;Réseaux & Télécommunications;0.01;0.007;0.0052;0.0143;0.0071
2415;7.19;Réseaux & Télécommunications;0.0556;0.0539;0.0592;0.0331;0.056
2429;7.29;GEII;0.0041;0.0054;0.0106;0.0001;0.0062
2414;10.94;Réseaux & Télécommunications;0.0425;0.0394;0.0318;0.0747;0.0373
2416;9.06;Réseaux & Télécommunications;0.0191;0.0235;0.034;0.0069;0.0252
2417;7.208;Réseaux & Télécommunications;0.0474;0.047;0.0537;0.0249;0.0492
2449;15.1;GEII;0.0817;0.0813;0.0763;0.1183;0.079
2519;15.92;Informatique;0.0004;0.0008;0.0028;0.0068;0.0008
2525;15.45;GEII;0.0334;0.027;0.0189;0.0467;0.0262
2531;12.63;Réseaux & Télécommunications;0.0235;0.0293;0.0413;0.0139;0.0308
2530;12.96;CPGE/ATS;0.0118;0.0158;0.0249;0.0044;0.017
2524;18.19;Informatique;0.0013;0.003;0.0075;0.0033;0.0034
2518;13.98;Réseaux & Télécommunications;0.0905;0.0876;0.0783;0.1325;0.0848
2526;13.38;Réseaux & Télécommunications;0.0041;0.0033;0.0023;0.0176;0.0027
2527;14.52;CPGE/ATS;0.0225;0.0216;0.0183;0.0465;0.0202
2533;9.79;GEII;0.0436;0.0408;0.0335;0.076;0.0388
2523;15.54;CPGE/ATS;0.1249;0.1121;0.0921;0.1584;0.1095
2522;16.96;Informatique;0.0164;0.012;0.0071;0.0267;0.0115
2520;6.46;CPGE/ATS;0.1104;0.1174;0.1368;0.0708;0.1212
2534;14.9;GEII;0.0298;0.0292;0.0344;0.0139;0.0309
2521;12.95;GEII;0.0039;0.0024;0.0029;0.0065;0.0026
256;12.58;CPGE/ATS;0.0262;0.0267;0.0333;0.01;0.0285
2546;14.63;Réseaux & Télécommunications;0.042;0.0355;0.0243;0.071;0.0335
2552;16.1;Informatique;0.1056;0.1008;0.0881;0.1522;0.0975
2553;14.56;CPGE/ATS;0.0028;0.0049;0.0105;0.0019;0.0055
2547;12.57;CPGE/ATS;0.0135;0.0132;0.0115;0.0331;0.0122
257;13.4;GEII;0.0016;0.0005;0.0003;0.0087;0.0004
255;13.52;Réseaux & Télécommunications;0.0092;0.0097;0.0099;0.025;0.009
2551;7.96;GEII;0.0118;0.0158;0.0251;0.0054;0.017
2545;9.41;Réseaux & Télécommunications;0.0014;0.0011;0.0016;0.0112;0.0009
2544;10.5;Réseaux & Télécommunications;0.001;0.0024;0.0066;0.0019;0.0029
2550;18.85;Informatique;0.0055;0.0037;0.0013;0.0197;0.0031
2554;15.75;Réseaux & Télécommunications;0.0117;0.0109;0.009;0.0306;0.01
2540;11.29;Réseaux & Télécommunications;0.019;0.0246;0.0349;0.0164;0.0256
2541;15.25;Réseaux & Télécommunications;0.0196;0.0245;0.0357;0.0088;0.0261
253;12.54;GEII;0.0093;0.013;0.0192;0.0143;0.0133
2543;16.88;Réseaux & Télécommunications;0.1401;0.1305;0.1103;0.194;0.1265
2556;17.94;Réseaux & Télécommunications;0.0283;0.0288;0.0358;0.0111;0.0306
2542;15.21;Informatique;0.0113;0.0077;0.0039;0.021;0.0073
252;13.38;Réseaux & Télécommunications;0.0083;0.0115;0.0194;0.0021;0.0126
259;10.6;CPGE/ATS;0.0087;0.0065;0.0032;0.0258;0.0057
2549;17.31;Réseaux & Télécommunications;0.0034;0.0042;0.0058;0.0143;0.0039
2548;15.96;Réseaux & Télécommunications;0.0228;0.018;0.0103;0.0447;0.0167
258;12.29;Réseaux & Télécommunications;0.0407;0.0485;0.0606;0.0417;0.0493
2510;14.58;CPGE/ATS;0.011;0.0145;0.0201;0.0183;0.0146
2511;12.98;CPGE/ATS;0.0026;0.0038;0.0065;0.0112;0.0037
2539;13.75;Informatique;0.0022;0.0012;0.0022;0.0053;0.0014
2513;15.88;GEII;0.0033;0.0049;0.0079;0.0118;0.0048
2512;11.29;Réseaux & Télécommunications;0.0188;0.02;0.027;0.005;0.0216
2516;6.38;CPGE/ATS;0.037;0.0427;0.0564;0.0178;0.0449
2517;13.52;Réseaux & Télécommunications;0.0273;0.0275;0.0255;0.0514;0.0262
2515;11.85;Réseaux & Télécommunications;0.0273;0.0224;0.0139;0.0523;0.0208
2529;16.08;Réseaux & Télécommunications;0.0073;0.0096;0.0166;0.0006;0.0107
2528;10.46;Mesures Physiques;0.028;0.0348;0.0474;0.0204;0.0362
2514;12.69;GEII;0.0078;0.0115;0.0191;0.0073;0.0122
