Login_LDAP,Cohorte,Cursus,Note_TP,data,archi_web,tech_env,data-archi_web,data-tech_env,archi_web-data,archi_web-tech_env,tech_env-data,tech_env-archi_web
2445,Brest 1,Réseaux & Télécommunications,9.91,0.15254237288135594,0.3559322033898305,0.3050847457627119,0.03389830508474576,0.01694915254237288,0.05084745762711865,0.03389830508474576,0.01694915254237288,0.03389830508474576
2444,Brest 1,GEII,12.64,0.37037037037037035,0.1728395061728395,0.2716049382716049,0.037037037037037035,0.037037037037037035,0.037037037037037035,0.024691358024691357,0.024691358024691357,0.024691358024691357
2446,Brest 1,GEII,10.56,0.2980132450331126,0.4105960264900662,0.11258278145695365,0.033112582781456956,0.026490066225165563,0.039735099337748346,0.026490066225165563,0.019867549668874173,0.033112582781456956
2447,Brest 1,Réseaux & Télécommunications,12.7,0.25,0.1,0.45,0.0,0.1,0.05,0.0,0.05,0.0
2443,Brest 1,Réseaux & Télécommunications,12.74,0.25742574257425743,0.1485148514851485,0.32673267326732675,0.039603960396039604,0.039603960396039604,0.0297029702970297,0.0594059405940594,0.039603960396039604,0.0594059405940594
2442,Brest 1,GEII,13.472,0.3114754098360656,0.32786885245901637,0.13114754098360656,0.06557377049180328,0.01639344262295082,0.06557377049180328,0.03278688524590164,0.01639344262295082,0.03278688524590164
2440,Brest 1,Réseaux & Télécommunications,10.96,0.29842931937172773,0.31413612565445026,0.18324607329842932,0.02617801047120419,0.041884816753926704,0.041884816753926704,0.02617801047120419,0.020942408376963352,0.04712041884816754
2441,Brest 1,Réseaux & Télécommunications,8.72,0.11267605633802817,0.49295774647887325,0.2112676056338028,0.028169014084507043,0.014084507042253521,0.04225352112676056,0.04225352112676056,0.0,0.056338028169014086
2432,Brest 1,GEII,8.42,0.43103448275862066,0.22413793103448276,0.20689655172413793,0.017241379310344827,0.0,0.017241379310344827,0.05172413793103448,0.017241379310344827,0.034482758620689655
2426,Brest 1,Réseaux & Télécommunications,10.29,0.375,0.2,0.3,0.0375,0.0125,0.0375,0.0125,0.0,0.025
2427,Brest 1,Réseaux & Télécommunications,12.84,0.47191011235955055,0.1797752808988764,0.1797752808988764,0.0449438202247191,0.02247191011235955,0.033707865168539325,0.02247191011235955,0.0449438202247191,0.0
2433,Brest 1,Réseaux & Télécommunications,7.39,0.3,0.24285714285714285,0.3142857142857143,0.014285714285714285,0.02857142857142857,0.02857142857142857,0.02857142857142857,0.014285714285714285,0.02857142857142857
2419,Brest 1,Réseaux & Télécommunications,8.42,0.14,0.14,0.48,0.06,0.04,0.02,0.04,0.08,0.0
2425,Brest 1,Réseaux & Télécommunications,15.81,0.26732673267326734,0.26732673267326734,0.12871287128712872,0.0297029702970297,0.0594059405940594,0.039603960396039604,0.06930693069306931,0.0594059405940594,0.07920792079207921
2431,Brest 1,Mesures Physiques,10.09,0.2857142857142857,0.3142857142857143,0.19047619047619047,0.06666666666666667,0.01904761904761905,0.06666666666666667,0.01904761904761905,0.02857142857142857,0.009523809523809525
241,Brest 1,Réseaux & Télécommunications,16.63,0.38461538461538464,0.28846153846153844,0.1282051282051282,0.07051282051282051,0.01282051282051282,0.07692307692307693,0.01282051282051282,0.00641025641025641,0.019230769230769232
2430,Brest 1,Réseaux & Télécommunications,13.61,0.3333333333333333,0.3252032520325203,0.12195121951219512,0.024390243902439025,0.04065040650406504,0.04065040650406504,0.032520325203252036,0.024390243902439025,0.056910569105691054
2418,Brest 1,CPGE/ATS,18.36,0.36075949367088606,0.35443037974683544,0.14556962025316456,0.02531645569620253,0.012658227848101266,0.02531645569620253,0.03164556962025317,0.006329113924050633,0.0379746835443038
2420,Brest 1,Informatique,14.77,0.37349397590361444,0.3253012048192771,0.12048192771084337,0.04819277108433735,0.012048192771084338,0.03614457831325301,0.03614457831325301,0.012048192771084338,0.03614457831325301
2434,Brest 1,Réseaux & Télécommunications,8.07,0.25301204819277107,0.42168674698795183,0.14457831325301204,0.024096385542168676,0.030120481927710843,0.024096385542168676,0.03614457831325301,0.024096385542168676,0.04216867469879518
245,Brest 1,Réseaux & Télécommunications,10.5,0.4782608695652174,0.2608695652173913,0.12173913043478261,0.043478260869565216,0.017391304347826087,0.043478260869565216,0.008695652173913044,0.02608695652173913,0.0
2435,Brest 1,Réseaux & Télécommunications,9.87,0.3023255813953488,0.22093023255813954,0.3488372093023256,0.023255813953488372,0.011627906976744186,0.011627906976744186,0.03488372093023256,0.023255813953488372,0.023255813953488372
2421,Brest 1,Réseaux & Télécommunications,14.25,0.32558139534883723,0.23255813953488372,0.2558139534883721,0.03488372093023256,0.03488372093023256,0.03488372093023256,0.023255813953488372,0.03488372093023256,0.023255813953488372
2437,Brest 1,Réseaux & Télécommunications,7.93,0.10126582278481013,0.3291139240506329,0.3291139240506329,0.02531645569620253,0.012658227848101266,0.02531645569620253,0.08860759493670886,0.0,0.08860759493670886
2423,Brest 1,Réseaux & Télécommunications,10.56,0.2875,0.225,0.275,0.025,0.0375,0.05,0.0375,0.0,0.0625
247,Brest 1,Réseaux & Télécommunications,10.21,0.4690721649484536,0.28865979381443296,0.1134020618556701,0.03608247422680412,0.020618556701030927,0.041237113402061855,0.005154639175257732,0.010309278350515464,0.015463917525773196
246,Brest 1,Réseaux & Télécommunications,17.99,0.29605263157894735,0.3618421052631579,0.09210526315789473,0.07894736842105263,0.019736842105263157,0.09210526315789473,0.019736842105263157,0.013157894736842105,0.02631578947368421
2422,Brest 1,Réseaux & Télécommunications,9.3,0.19387755102040816,0.40816326530612246,0.24489795918367346,0.030612244897959183,0.0,0.02040816326530612,0.05102040816326531,0.0,0.05102040816326531
2436,Brest 1,Réseaux & Télécommunications,11.8,0.1386861313868613,0.39416058394160586,0.25547445255474455,0.014598540145985401,0.014598540145985401,0.021897810218978103,0.072992700729927,0.014598540145985401,0.072992700729927
2413,Brest 1,Mesures Physiques,8.506,0.3409090909090909,0.2159090909090909,0.2840909090909091,0.056818181818181816,0.011363636363636364,0.056818181818181816,0.011363636363636364,0.022727272727272728,0.0
2412,Brest 1,Réseaux & Télécommunications,7.55,0.3611111111111111,0.26851851851851855,0.2222222222222222,0.027777777777777776,0.018518518518518517,0.027777777777777776,0.027777777777777776,0.009259259259259259,0.037037037037037035
2438,Brest 1,Réseaux & Télécommunications,17.43,0.13513513513513514,0.42342342342342343,0.2702702702702703,0.018018018018018018,0.018018018018018018,0.036036036036036036,0.036036036036036036,0.0,0.06306306306306306
2410,Brest 1,Réseaux & Télécommunications,16.56,0.22105263157894736,0.30526315789473685,0.25263157894736843,0.031578947368421054,0.042105263157894736,0.031578947368421054,0.031578947368421054,0.05263157894736842,0.031578947368421054
249,Brest 1,CPGE/ATS,15.25,0.2719298245614035,0.3684210526315789,0.07894736842105263,0.03508771929824561,0.043859649122807015,0.07017543859649122,0.043859649122807015,0.008771929824561403,0.07894736842105263
2411,Brest 1,Mesures Physiques,9.55,0.22340425531914893,0.43617021276595747,0.1702127659574468,0.06382978723404255,0.0,0.0425531914893617,0.031914893617021274,0.010638297872340425,0.02127659574468085
2439,Brest 1,Réseaux & Télécommunications,5.688,0.2641509433962264,0.18867924528301888,0.29245283018867924,0.0660377358490566,0.018867924528301886,0.05660377358490566,0.04716981132075472,0.02830188679245283,0.03773584905660377
2415,Brest 1,Réseaux & Télécommunications,7.19,0.36792452830188677,0.29245283018867924,0.12264150943396226,0.02830188679245283,0.018867924528301886,0.03773584905660377,0.05660377358490566,0.018867924528301886,0.05660377358490566
2429,Brest 1,GEII,7.29,0.24210526315789474,0.43157894736842106,0.12631578947368421,0.07368421052631578,0.0,0.06315789473684211,0.031578947368421054,0.010526315789473684,0.021052631578947368
2414,Brest 1,Réseaux & Télécommunications,10.94,0.3269230769230769,0.23076923076923078,0.25,0.04807692307692308,0.019230769230769232,0.04807692307692308,0.028846153846153848,0.019230769230769232,0.028846153846153848
2416,Brest 1,Réseaux & Télécommunications,9.06,0.2391304347826087,0.2391304347826087,0.391304347826087,0.021739130434782608,0.021739130434782608,0.021739130434782608,0.021739130434782608,0.021739130434782608,0.021739130434782608
2417,Brest 1,Réseaux & Télécommunications,7.208,0.308411214953271,0.35514018691588783,0.14018691588785046,0.056074766355140186,0.009345794392523364,0.06542056074766354,0.028037383177570093,0.0,0.037383177570093455
2449,Brest 1,GEII,15.1,0.375,0.05,0.35,0.05,0.05,0.05,0.025,0.025,0.025
2519,Brest 2,Informatique,15.92,0.2898550724637681,0.2463768115942029,0.21739130434782608,0.043478260869565216,0.057971014492753624,0.028985507246376812,0.028985507246376812,0.07246376811594203,0.014492753623188406
2525,Brest 2,GEII,15.45,0.2553191489361702,0.2978723404255319,0.3404255319148936,0.02127659574468085,0.02127659574468085,0.010638297872340425,0.02127659574468085,0.02127659574468085,0.010638297872340425
2531,Brest 2,Réseaux & Télécommunications,12.63,0.38095238095238093,0.25,0.14285714285714285,0.05952380952380952,0.023809523809523808,0.08333333333333333,0.023809523809523808,0.0,0.03571428571428571
2530,Brest 2,CPGE/ATS,12.96,0.45,0.21666666666666667,0.16666666666666666,0.03333333333333333,0.016666666666666666,0.016666666666666666,0.05,0.03333333333333333,0.016666666666666666
2524,Brest 2,Informatique,18.19,0.30851063829787234,0.4148936170212766,0.1276595744680851,0.05319148936170213,0.010638297872340425,0.05319148936170213,0.010638297872340425,0.0,0.02127659574468085
2518,Brest 2,Réseaux & Télécommunications,13.98,0.15517241379310345,0.4827586206896552,0.13793103448275862,0.05172413793103448,0.034482758620689655,0.034482758620689655,0.034482758620689655,0.034482758620689655,0.034482758620689655
2526,Brest 2,Réseaux & Télécommunications,13.38,0.3333333333333333,0.2222222222222222,0.17777777777777778,0.05555555555555555,0.022222222222222223,0.044444444444444446,0.06666666666666667,0.03333333333333333,0.044444444444444446
2527,Brest 2,CPGE/ATS,14.52,0.2839506172839506,0.41975308641975306,0.16049382716049382,0.037037037037037035,0.012345679012345678,0.037037037037037035,0.024691358024691357,0.0,0.024691358024691357
2533,Brest 2,GEII,9.79,0.13953488372093023,0.16279069767441862,0.38372093023255816,0.011627906976744186,0.046511627906976744,0.03488372093023256,0.09302325581395349,0.023255813953488372,0.10465116279069768
2523,Brest 2,CPGE/ATS,15.54,0.2542372881355932,0.2627118644067797,0.3559322033898305,0.00847457627118644,0.03389830508474576,0.025423728813559324,0.01694915254237288,0.00847457627118644,0.03389830508474576
2522,Brest 2,Informatique,16.96,0.3835616438356164,0.3013698630136986,0.1232876712328767,0.0410958904109589,0.0273972602739726,0.0410958904109589,0.0273972602739726,0.0273972602739726,0.0273972602739726
2520,Brest 2,CPGE/ATS,6.46,0.3620689655172414,0.29310344827586204,0.1896551724137931,0.017241379310344827,0.05172413793103448,0.017241379310344827,0.017241379310344827,0.034482758620689655,0.017241379310344827
2534,Brest 2,GEII,14.9,0.4077669902912621,0.24271844660194175,0.17475728155339806,0.02912621359223301,0.019417475728155338,0.038834951456310676,0.038834951456310676,0.009708737864077669,0.038834951456310676
2521,Brest 2,GEII,12.95,0.5274725274725275,0.08791208791208792,0.2087912087912088,0.06593406593406594,0.01098901098901099,0.054945054945054944,0.02197802197802198,0.02197802197802198,0.0
256,Brest 2,CPGE/ATS,12.58,0.5727272727272728,0.15454545454545454,0.10909090909090909,0.045454545454545456,0.03636363636363636,0.03636363636363636,0.00909090909090909,0.03636363636363636,0.0
2546,Brest 2,Réseaux & Télécommunications,14.63,0.13402061855670103,0.38144329896907214,0.27835051546391754,0.030927835051546393,0.020618556701030927,0.020618556701030927,0.061855670103092786,0.020618556701030927,0.05154639175257732
2552,Brest 2,Informatique,16.1,0.24358974358974358,0.3076923076923077,0.2564102564102564,0.01282051282051282,0.02564102564102564,0.01282051282051282,0.0641025641025641,0.01282051282051282,0.0641025641025641
2553,Brest 2,CPGE/ATS,14.56,0.35135135135135137,0.24324324324324326,0.20270270270270271,0.02702702702702703,0.04054054054054054,0.02702702702702703,0.04054054054054054,0.02702702702702703,0.04054054054054054
2547,Brest 2,CPGE/ATS,12.57,0.4,0.175,0.15,0.05,0.05,0.025,0.05,0.075,0.025
257,Brest 2,GEII,13.4,0.45054945054945056,0.2087912087912088,0.16483516483516483,0.02197802197802198,0.054945054945054944,0.03296703296703297,0.01098901098901099,0.03296703296703297,0.02197802197802198
255,Brest 2,Réseaux & Télécommunications,13.52,0.4117647058823529,0.1323529411764706,0.19852941176470587,0.08823529411764706,0.014705882352941176,0.07352941176470588,0.03676470588235294,0.022058823529411766,0.022058823529411766
2551,Brest 2,GEII,7.96,0.3763440860215054,0.13978494623655913,0.16129032258064516,0.03225806451612903,0.06451612903225806,0.043010752688172046,0.06451612903225806,0.053763440860215055,0.06451612903225806
2545,Brest 2,Réseaux & Télécommunications,9.41,0.3484848484848485,0.2727272727272727,0.19696969696969696,0.030303030303030304,0.045454545454545456,0.045454545454545456,0.015151515151515152,0.030303030303030304,0.015151515151515152
2544,Brest 2,Réseaux & Télécommunications,10.5,0.35135135135135137,0.35135135135135137,0.17567567567567569,0.04054054054054054,0.013513513513513514,0.02702702702702703,0.013513513513513514,0.013513513513513514,0.013513513513513514
2550,Brest 2,Informatique,18.85,0.3153153153153153,0.23423423423423423,0.1891891891891892,0.04504504504504504,0.036036036036036036,0.06306306306306306,0.036036036036036036,0.018018018018018018,0.06306306306306306
2554,Brest 2,Réseaux & Télécommunications,15.75,0.36065573770491804,0.2459016393442623,0.19672131147540983,0.01639344262295082,0.06557377049180328,0.03278688524590164,0.01639344262295082,0.04918032786885246,0.01639344262295082
2540,Brest 2,Réseaux & Télécommunications,11.29,0.32432432432432434,0.2702702702702703,0.21621621621621623,0.02702702702702703,0.05405405405405406,0.02702702702702703,0.02702702702702703,0.02702702702702703,0.02702702702702703
2541,Brest 2,Réseaux & Télécommunications,15.25,0.3655913978494624,0.22580645161290322,0.21505376344086022,0.021505376344086023,0.043010752688172046,0.021505376344086023,0.03225806451612903,0.043010752688172046,0.03225806451612903
253,Brest 2,GEII,12.54,0.40425531914893614,0.0425531914893617,0.3617021276595745,0.0,0.0851063829787234,0.02127659574468085,0.0,0.0851063829787234,0.0
2543,Brest 2,Réseaux & Télécommunications,16.88,0.4,0.1111111111111111,0.26666666666666666,0.0,0.08888888888888889,0.022222222222222223,0.022222222222222223,0.044444444444444446,0.044444444444444446
2556,Brest 2,Réseaux & Télécommunications,17.94,0.37681159420289856,0.10144927536231885,0.30434782608695654,0.014492753623188406,0.043478260869565216,0.014492753623188406,0.043478260869565216,0.057971014492753624,0.043478260869565216
2542,Brest 2,Informatique,15.21,0.4142857142857143,0.2857142857142857,0.14285714285714285,0.04285714285714286,0.014285714285714285,0.02857142857142857,0.02857142857142857,0.014285714285714285,0.02857142857142857
252,Brest 2,Réseaux & Télécommunications,13.38,0.3114754098360656,0.32786885245901637,0.18579234972677597,0.03278688524590164,0.03278688524590164,0.04371584699453552,0.01639344262295082,0.01639344262295082,0.03278688524590164
259,Brest 2,CPGE/ATS,10.6,0.23387096774193547,0.3548387096774194,0.2661290322580645,0.016129032258064516,0.024193548387096774,0.024193548387096774,0.03225806451612903,0.016129032258064516,0.03225806451612903
2549,Brest 2,Réseaux & Télécommunications,17.31,0.3018867924528302,0.32075471698113206,0.2358490566037736,0.018867924528301886,0.018867924528301886,0.009433962264150943,0.03773584905660377,0.018867924528301886,0.03773584905660377
2548,Brest 2,Réseaux & Télécommunications,15.96,0.3181818181818182,0.25,0.19318181818181818,0.03409090909090909,0.022727272727272728,0.045454545454545456,0.056818181818181816,0.011363636363636364,0.06818181818181818
258,Brest 2,Réseaux & Télécommunications,12.29,0.25287356321839083,0.27586206896551724,0.22988505747126436,0.04597701149425287,0.011494252873563218,0.034482758620689655,0.06896551724137931,0.011494252873563218,0.06896551724137931
2510,Brest 2,CPGE/ATS,14.58,0.26744186046511625,0.29069767441860467,0.2441860465116279,0.023255813953488372,0.023255813953488372,0.023255813953488372,0.05813953488372093,0.011627906976744186,0.05813953488372093
2511,Brest 2,CPGE/ATS,12.98,0.375,0.17708333333333334,0.23958333333333334,0.03125,0.041666666666666664,0.041666666666666664,0.03125,0.03125,0.03125
2539,Brest 2,Informatique,13.75,0.35714285714285715,0.21428571428571427,0.16666666666666666,0.047619047619047616,0.047619047619047616,0.05952380952380952,0.03571428571428571,0.023809523809523808,0.047619047619047616
2513,Brest 2,GEII,15.88,0.48717948717948717,0.15384615384615385,0.16666666666666666,0.07692307692307693,0.01282051282051282,0.05128205128205128,0.02564102564102564,0.02564102564102564,0.0
2512,Brest 2,Réseaux & Télécommunications,11.29,0.34545454545454546,0.14545454545454545,0.14545454545454545,0.09090909090909091,0.05454545454545454,0.10909090909090909,0.03636363636363636,0.03636363636363636,0.03636363636363636
2516,Brest 2,CPGE/ATS,6.38,0.4025974025974026,0.23376623376623376,0.14285714285714285,0.025974025974025976,0.05194805194805195,0.025974025974025976,0.03896103896103896,0.03896103896103896,0.03896103896103896
2517,Brest 2,Réseaux & Télécommunications,13.52,0.13333333333333333,0.26666666666666666,0.3,0.016666666666666666,0.03333333333333333,0.03333333333333333,0.08333333333333333,0.016666666666666666,0.11666666666666667
2515,Brest 2,Réseaux & Télécommunications,11.85,0.25609756097560976,0.4146341463414634,0.15853658536585366,0.06097560975609756,0.012195121951219513,0.06097560975609756,0.012195121951219513,0.0,0.024390243902439025
2529,Brest 2,Réseaux & Télécommunications,16.08,0.4247787610619469,0.13274336283185842,0.168141592920354,0.035398230088495575,0.061946902654867256,0.061946902654867256,0.02654867256637168,0.035398230088495575,0.05309734513274336
2528,Brest 2,Mesures Physiques,10.46,0.44565217391304346,0.2717391304347826,0.08695652173913043,0.06521739130434782,0.010869565217391304,0.03260869565217391,0.043478260869565216,0.03260869565217391,0.010869565217391304
2514,Brest 2,GEII,12.69,0.3225806451612903,0.21505376344086022,0.24731182795698925,0.06451612903225806,0.03225806451612903,0.053763440860215055,0.021505376344086023,0.03225806451612903,0.010752688172043012
